capture_id,sample_id,bmi323_x_G,bmi323_y_G,bmi323_z_G,adxl375_x_G,adxl375_y_G,adxl375_z_G
0,0,-0.098413,-0.031502,0.998413,0.294000,0.245000,0.588000
0,1,-0.098779,-0.031380,0.999512,0.343000,0.245000,0.588000
0,2,-0.099145,-0.032234,0.997924,0.294000,0.245000,0.490000
0,3,-0.099878,-0.031136,0.999145,0.245000,0.245000,0.588000
0,4,-0.099390,-0.030891,0.998291,0.245000,0.343000,0.490000
0,5,-0.100611,-0.032357,0.998291,0.245000,0.245000,0.588000
0,6,-0.099023,-0.031502,0.998046,0.196000,0.196000,0.539000
0,7,-0.100488,-0.031746,1.000000,0.245000,0.245000,0.490000
0,8,-0.098046,-0.030037,0.998657,0.343000,0.294000,0.588000
0,9,-0.099634,-0.031624,0.999023,0.245000,0.343000,0.588000
0,10,-0.101343,-0.032112,0.998657,0.343000,0.294000,0.588000
0,11,-0.098535,-0.030037,0.998779,0.294000,0.294000,0.637000
0,12,-0.098901,-0.031624,0.997558,0.294000,0.245000,0.588000
0,13,-0.100122,-0.031258,0.998779,0.343000,0.392000,0.637000
0,14,-0.098901,-0.029915,0.999023,0.294000,0.294000,0.637000
0,15,-0.098046,-0.031502,0.996825,0.294000,0.294000,0.539000
0,16,-0.100000,-0.030403,0.999878,0.196000,0.196000,0.539000
0,17,-0.099390,-0.031990,0.998046,0.245000,0.245000,0.637000
0,18,-0.100611,-0.032357,1.000366,0.245000,0.294000,0.539000
0,19,-0.098657,-0.031258,0.999634,0.245000,0.245000,0.637000
0,20,-0.099634,-0.031380,0.998901,0.245000,0.294000,0.490000
0,21,-0.100000,-0.031990,0.998046,0.343000,0.294000,0.637000
0,22,-0.098535,-0.031013,0.999878,0.294000,0.294000,0.637000
0,23,-0.100000,-0.032112,0.997314,0.245000,0.294000,0.588000
0,24,-0.099878,-0.030525,0.998901,0.343000,0.245000,0.588000
0,25,-0.098657,-0.031136,0.998168,0.294000,0.245000,0.637000
0,26,-0.099512,-0.032479,0.997924,0.245000,0.245000,0.637000
0,27,-0.098535,-0.031990,0.998046,0.245000,0.294000,0.539000
0,28,-0.100977,-0.031868,0.997314,0.294000,0.294000,0.588000
0,29,-0.100366,-0.031990,0.998779,0.245000,0.294000,0.441000
0,30,-0.100244,-0.031746,0.999267,0.294000,0.196000,0.588000
0,31,-0.100122,-0.031136,0.998168,0.343000,0.245000,0.539000
0,32,-0.098535,-0.031136,0.999634,0.294000,0.196000,0.686000
0,33,-0.100366,-0.032845,0.998168,0.245000,0.245000,0.539000
0,34,-0.099390,-0.031502,0.997924,0.294000,0.294000,0.588000
0,35,-0.099512,-0.031258,0.998413,0.245000,0.245000,0.588000
0,36,-0.098535,-0.031746,0.997924,0.294000,0.245000,0.588000
0,37,-0.099634,-0.030891,0.999267,0.245000,0.245000,0.490000
0,38,-0.100122,-0.032723,0.997558,0.343000,0.245000,0.588000
0,39,-0.099267,-0.032601,0.998413,0.245000,0.196000,0.588000
0,40,-0.099878,-0.030769,0.999145,0.245000,0.343000,0.686000
0,41,-0.100366,-0.032234,0.996703,0.343000,0.343000,0.588000
0,42,-0.100366,-0.031380,0.996947,0.294000,0.294000,0.637000
0,43,-0.099390,-0.030647,0.999634,0.245000,0.294000,0.539000
0,44,-0.099634,-0.031258,0.999512,0.245000,0.245000,0.637000
0,45,-0.098779,-0.031624,0.999756,0.343000,0.294000,0.686000
0,46,-0.098413,-0.030891,0.996825,0.245000,0.294000,0.637000
0,47,-0.100000,-0.031624,0.999512,0.245000,0.245000,0.637000
0,48,-0.100122,-0.031624,0.998535,0.294000,0.245000,0.686000
0,49,-0.099512,-0.031502,0.997314,0.245000,0.196000,0.539000
0,50,-0.099267,-0.031624,0.998535,0.294000,0.294000,0.588000
0,51,-0.100366,-0.030159,0.997558,0.294000,0.196000,0.588000
0,52,-0.098901,-0.033333,0.998413,0.343000,0.196000,0.637000
0,53,-0.099390,-0.031746,1.000244,0.294000,0.196000,0.588000
0,54,-0.100000,-0.030769,0.999023,0.245000,0.294000,0.588000
0,55,-0.098901,-0.031380,1.000244,0.294000,0.294000,0.588000
0,56,-0.100733,-0.030769,0.999145,0.343000,0.294000,0.539000
0,57,-0.099878,-0.032357,0.998535,0.294000,0.294000,0.588000
0,58,-0.098779,-0.031990,0.997924,0.245000,0.294000,0.441000
0,59,-0.099756,-0.031013,0.998779,0.343000,0.196000,0.735000
0,60,-0.100733,-0.030891,0.998168,0.245000,0.294000,0.686000
0,61,-0.099390,-0.031624,1.000488,0.294000,0.245000,0.588000
0,62,-0.098413,-0.031258,0.998779,0.294000,0.196000,0.490000
0,63,-0.099756,-0.032357,0.997192,0.294000,0.245000,0.686000
0,64,-0.100488,-0.030403,1.000122,0.196000,0.196000,0.637000
0,65,-0.098291,-0.031746,0.998535,0.294000,0.294000,0.735000
0,66,-0.099267,-0.031013,0.997680,0.294000,0.294000,0.539000
0,67,-0.100611,-0.031136,0.999389,0.294000,0.245000,0.588000
0,68,-0.098901,-0.032357,0.999389,0.294000,0.294000,0.539000
0,69,-0.099878,-0.031624,0.998413,0.294000,0.294000,0.637000
0,70,-0.100366,-0.029792,0.999634,0.343000,0.245000,0.637000
0,71,-0.098901,-0.031258,0.997070,0.196000,0.245000,0.637000
0,72,-0.099878,-0.031380,0.998779,0.294000,0.245000,0.539000
0,73,-0.099023,-0.030769,0.998168,0.245000,0.245000,0.588000
0,74,-0.099512,-0.031258,0.999389,0.196000,0.245000,0.637000
0,75,-0.099512,-0.030647,0.997436,0.343000,0.245000,0.588000
0,76,-0.099023,-0.032357,0.999512,0.294000,0.245000,0.686000
0,77,-0.099634,-0.031746,0.998657,0.245000,0.294000,0.588000
0,78,-0.098535,-0.031746,0.998657,0.245000,0.245000,0.539000
0,79,-0.100366,-0.031868,0.998413,0.294000,0.245000,0.588000
0,80,-0.099634,-0.030403,0.997314,0.294000,0.196000,0.588000
0,81,-0.099023,-0.031502,0.999267,0.294000,0.245000,0.588000
0,82,-0.098779,-0.031258,0.999023,0.294000,0.196000,0.588000
0,83,-0.101954,-0.031624,0.999634,0.245000,0.245000,0.637000
0,84,-0.100733,-0.030159,0.999267,0.294000,0.343000,0.539000
0,85,-0.100122,-0.032723,0.997558,0.343000,0.245000,0.539000
0,86,-0.099390,-0.031624,0.998291,0.294000,0.245000,0.588000
0,87,-0.099756,-0.031502,0.997558,0.343000,0.294000,0.588000
0,88,-0.099145,-0.033578,0.999023,0.245000,0.245000,0.588000
0,89,-0.099390,-0.031013,0.998779,0.294000,0.294000,0.637000
0,90,-0.100244,-0.033455,0.999145,0.343000,0.245000,0.539000
0,91,-0.099145,-0.031013,0.998901,0.245000,0.294000,0.637000
0,92,-0.098657,-0.031502,0.997436,0.245000,0.245000,0.588000
0,93,-0.100611,-0.031502,0.998779,0.245000,0.245000,0.637000
0,94,-0.098779,-0.031746,0.999023,0.294000,0.245000,0.588000
0,95,-0.099878,-0.029548,0.997680,0.294000,0.245000,0.539000
0,96,-0.100733,-0.031502,0.998901,0.245000,0.294000,0.539000
0,97,-0.099512,-0.031136,0.999512,0.294000,0.245000,0.588000
0,98,-0.098168,-0.031990,0.997802,0.343000,0.343000,0.490000
0,99,-0.101099,-0.031258,0.997802,0.343000,0.245000,0.588000
1,0,-1.004274,0.008425,-0.006716,-0.588000,0.392000,-0.294000
1,1,-1.005494,0.009524,-0.008059,-0.490000,0.245000,-0.392000
1,2,-1.005617,0.007082,-0.008303,-0.539000,0.294000,-0.245000
1,3,-1.005739,0.008181,-0.007448,-0.539000,0.245000,-0.294000
1,4,-1.005006,0.009158,-0.008425,-0.490000,0.245000,-0.294000
1,5,-1.005372,0.008181,-0.007204,-0.588000,0.343000,-0.294000
1,6,-1.006593,0.008669,-0.007326,-0.490000,0.294000,-0.343000
1,7,-1.006227,0.009035,-0.006716,-0.539000,0.343000,-0.196000
1,8,-1.005739,0.009890,-0.007692,-0.637000,0.245000,-0.245000
1,9,-1.006349,0.008059,-0.006716,-0.539000,0.294000,-0.294000
1,10,-1.007448,0.008791,-0.007448,-0.637000,0.245000,-0.343000
1,11,-1.006593,0.008791,-0.008059,-0.588000,0.245000,-0.245000
1,12,-1.005983,0.008547,-0.007448,-0.539000,0.245000,-0.245000
1,13,-1.005739,0.008791,-0.008181,-0.588000,0.294000,-0.343000
1,14,-1.005617,0.007692,-0.008425,-0.539000,0.343000,-0.294000
1,15,-1.003785,0.007937,-0.008547,-0.588000,0.343000,-0.343000
1,16,-1.007204,0.008181,-0.006838,-0.588000,0.294000,-0.343000
1,17,-1.005250,0.008547,-0.008181,-0.441000,0.343000,-0.294000
1,18,-1.005006,0.009646,-0.007570,-0.539000,0.343000,-0.245000
1,19,-1.008425,0.008791,-0.008181,-0.637000,0.245000,-0.392000
1,20,-1.004274,0.009402,-0.008303,-0.588000,0.294000,-0.343000
1,21,-1.006105,0.008425,-0.008059,-0.588000,0.294000,-0.245000
1,22,-1.006593,0.009890,-0.008059,-0.588000,0.294000,-0.294000
1,23,-1.007082,0.008181,-0.006716,-0.539000,0.196000,-0.294000
1,24,-1.005006,0.008669,-0.007692,-0.539000,0.245000,-0.245000
1,25,-1.007326,0.008791,-0.006838,-0.490000,0.245000,-0.294000
1,26,-1.007570,0.008547,-0.009280,-0.637000,0.245000,-0.343000
1,27,-1.006960,0.007937,-0.008303,-0.490000,0.245000,-0.196000
1,28,-1.007448,0.007448,-0.008913,-0.441000,0.343000,-0.196000
1,29,-1.006227,0.008547,-0.007692,-0.490000,0.343000,-0.392000
1,30,-1.005861,0.008791,-0.005739,-0.588000,0.245000,-0.245000
1,31,-1.006471,0.008303,-0.008669,-0.539000,0.245000,-0.294000
1,32,-1.008669,0.008669,-0.007448,-0.539000,0.245000,-0.294000
1,33,-1.006716,0.009035,-0.007570,-0.588000,0.343000,-0.343000
1,34,-1.005128,0.008913,-0.008425,-0.588000,0.343000,-0.343000
1,35,-1.007692,0.009646,-0.007937,-0.588000,0.294000,-0.343000
1,36,-1.004396,0.007326,-0.006960,-0.539000,0.294000,-0.196000
1,37,-1.006838,0.008913,-0.008547,-0.588000,0.196000,-0.294000
1,38,-1.006227,0.007082,-0.008181,-0.637000,0.245000,-0.343000
1,39,-1.007204,0.007448,-0.007814,-0.637000,0.245000,-0.343000
1,40,-1.005250,0.008059,-0.007082,-0.588000,0.343000,-0.392000
1,41,-1.008425,0.007692,-0.007570,-0.588000,0.294000,-0.294000
1,42,-1.005617,0.007814,-0.007570,-0.539000,0.294000,-0.343000
1,43,-1.006593,0.009035,-0.009402,-0.588000,0.294000,-0.294000
1,44,-1.006227,0.007692,-0.008303,-0.539000,0.245000,-0.343000
1,45,-1.007570,0.008669,-0.006349,-0.637000,0.294000,-0.245000
1,46,-1.006716,0.009890,-0.008303,-0.539000,0.294000,-0.245000
1,47,-1.005250,0.008303,-0.007937,-0.539000,0.245000,-0.343000
1,48,-1.007692,0.007448,-0.006349,-0.490000,0.196000,-0.245000
1,49,-1.005983,0.008913,-0.007082,-0.588000,0.343000,-0.245000
1,50,-1.006960,0.006960,-0.007814,-0.539000,0.245000,-0.294000
1,51,-1.005617,0.008791,-0.007814,-0.539000,0.294000,-0.294000
1,52,-1.008181,0.008425,-0.007448,-0.539000,0.294000,-0.245000
1,53,-1.005250,0.007692,-0.008059,-0.539000,0.294000,-0.294000
1,54,-1.006471,0.007937,-0.007326,-0.637000,0.343000,-0.392000
1,55,-1.006593,0.009402,-0.007448,-0.588000,0.343000,-0.343000
1,56,-1.005861,0.009890,-0.006471,-0.539000,0.294000,-0.343000
1,57,-1.005739,0.008547,-0.007570,-0.588000,0.343000,-0.343000
1,58,-1.005983,0.008791,-0.008425,-0.490000,0.245000,-0.245000
1,59,-1.007448,0.008181,-0.006838,-0.490000,0.196000,-0.245000
1,60,-1.005739,0.008547,-0.007204,-0.490000,0.294000,-0.294000
1,61,-1.006593,0.007204,-0.007692,-0.539000,0.245000,-0.343000
1,62,-1.006349,0.009035,-0.006593,-0.490000,0.245000,-0.294000
1,63,-1.007082,0.007937,-0.007814,-0.588000,0.294000,-0.196000
1,64,-1.005006,0.008303,-0.007814,-0.588000,0.294000,-0.392000
1,65,-1.009524,0.007814,-0.006716,-0.588000,0.294000,-0.245000
1,66,-1.004640,0.007326,-0.007692,-0.490000,0.294000,-0.196000
1,67,-1.005861,0.007692,-0.007814,-0.539000,0.245000,-0.294000
1,68,-1.005983,0.007326,-0.008059,-0.539000,0.245000,-0.343000
1,69,-1.006349,0.008059,-0.009280,-0.539000,0.343000,-0.245000
1,70,-1.005494,0.008669,-0.006105,-0.588000,0.245000,-0.343000
1,71,-1.004274,0.008303,-0.007570,-0.637000,0.196000,-0.343000
1,72,-1.007448,0.009646,-0.007448,-0.539000,0.294000,-0.245000
1,73,-1.005128,0.008425,-0.007937,-0.588000,0.441000,-0.294000
1,74,-1.005861,0.007937,-0.006838,-0.539000,0.245000,-0.294000
1,75,-1.006593,0.008181,-0.007326,-0.637000,0.343000,-0.343000
1,76,-1.005250,0.007692,-0.007448,-0.539000,0.245000,-0.294000
1,77,-1.006960,0.007326,-0.007692,-0.588000,0.343000,-0.245000
1,78,-1.007204,0.009524,-0.006838,-0.490000,0.294000,-0.245000
1,79,-1.006227,0.008425,-0.007692,-0.637000,0.294000,-0.294000
1,80,-1.006593,0.008425,-0.007692,-0.588000,0.294000,-0.245000
1,81,-1.007448,0.008059,-0.008791,-0.588000,0.245000,-0.294000
1,82,-1.005861,0.008913,-0.007448,-0.637000,0.245000,-0.245000
1,83,-1.006227,0.007937,-0.007692,-0.539000,0.294000,-0.245000
1,84,-1.006960,0.008059,-0.008791,-0.539000,0.294000,-0.245000
1,85,-1.004640,0.008913,-0.008059,-0.490000,0.245000,-0.343000
1,86,-1.006227,0.007814,-0.007937,-0.539000,0.245000,-0.343000
1,87,-1.005617,0.008425,-0.008059,-0.490000,0.343000,-0.294000
1,88,-1.006838,0.008059,-0.007692,-0.637000,0.245000,-0.245000
1,89,-1.003663,0.007814,-0.007937,-0.539000,0.343000,-0.343000
1,90,-1.005983,0.008547,-0.007204,-0.539000,0.294000,-0.294000
1,91,-1.003907,0.008059,-0.008425,-0.588000,0.245000,-0.294000
1,92,-1.007326,0.008913,-0.007082,-0.539000,0.343000,-0.294000
1,93,-1.005494,0.008425,-0.007692,-0.490000,0.245000,-0.294000
1,94,-1.005617,0.007570,-0.007570,-0.539000,0.294000,-0.392000
1,95,-1.005250,0.007082,-0.008181,-0.539000,0.245000,-0.441000
1,96,-1.008181,0.008791,-0.007448,-0.490000,0.294000,-0.294000
1,97,-1.007814,0.009646,-0.006716,-0.686000,0.294000,-0.392000
1,98,-1.007082,0.008669,-0.007692,-0.588000,0.294000,-0.294000
1,99,-1.006716,0.009158,-0.007082,-0.539000,0.245000,-0.294000
2,0,0.031258,0.027473,-0.994750,0.441000,0.294000,-1.421000
2,1,0.032112,0.026984,-0.997924,0.441000,0.343000,-1.372000
2,2,0.031380,0.026618,-0.996581,0.392000,0.294000,-1.519000
2,3,0.031502,0.026740,-0.995849,0.441000,0.294000,-1.323000
2,4,0.030525,0.027839,-0.998413,0.392000,0.294000,-1.421000
2,5,0.030037,0.027228,-0.997558,0.490000,0.343000,-1.372000
2,6,0.031868,0.027595,-0.998291,0.441000,0.392000,-1.372000
2,7,0.031136,0.027961,-0.996703,0.441000,0.343000,-1.372000
2,8,0.030525,0.027595,-0.995849,0.441000,0.392000,-1.323000
2,9,0.031136,0.028449,-0.995849,0.392000,0.245000,-1.421000
2,10,0.030525,0.027717,-0.996459,0.392000,0.343000,-1.470000
2,11,0.030281,0.027473,-0.996459,0.441000,0.294000,-1.421000
2,12,0.030403,0.027961,-0.996703,0.441000,0.294000,-1.323000
2,13,0.030891,0.027473,-0.996093,0.392000,0.294000,-1.470000
2,14,0.029670,0.026862,-0.995726,0.392000,0.343000,-1.372000
2,15,0.031502,0.026129,-0.996947,0.392000,0.343000,-1.372000
2,16,0.029304,0.027350,-0.995726,0.490000,0.294000,-1.421000
2,17,0.030281,0.027839,-0.996947,0.392000,0.441000,-1.372000
2,18,0.031380,0.026984,-0.996581,0.343000,0.392000,-1.421000
2,19,0.031502,0.028571,-0.997070,0.392000,0.294000,-1.323000
2,20,0.031258,0.028327,-0.996825,0.441000,0.294000,-1.323000
2,21,0.030037,0.027595,-0.998291,0.392000,0.343000,-1.470000
2,22,0.031013,0.026740,-0.995971,0.343000,0.343000,-1.421000
2,23,0.030281,0.027839,-0.995482,0.441000,0.343000,-1.372000
2,24,0.030159,0.027961,-0.997558,0.490000,0.245000,-1.323000
2,25,0.030403,0.027961,-0.997070,0.343000,0.343000,-1.421000
2,26,0.030159,0.028083,-0.996581,0.392000,0.294000,-1.372000
2,27,0.031013,0.027106,-0.996459,0.392000,0.294000,-1.470000
2,28,0.031013,0.025397,-0.995726,0.441000,0.245000,-1.274000
2,29,0.031013,0.027473,-0.996825,0.441000,0.245000,-1.372000
2,30,0.031624,0.028083,-0.999145,0.441000,0.294000,-1.372000
2,31,0.030769,0.027228,-0.994505,0.392000,0.392000,-1.421000
2,32,0.030891,0.028449,-0.995849,0.441000,0.294000,-1.372000
2,33,0.031624,0.029182,-0.997680,0.343000,0.392000,-1.323000
2,34,0.031136,0.028449,-0.997558,0.343000,0.343000,-1.617000
2,35,0.031746,0.027961,-0.998291,0.441000,0.343000,-1.421000
2,36,0.031746,0.028205,-0.997314,0.441000,0.343000,-1.421000
2,37,0.030769,0.028449,-0.997924,0.441000,0.245000,-1.372000
2,38,0.031746,0.026984,-0.994872,0.490000,0.343000,-1.421000
2,39,0.030281,0.027106,-0.995482,0.441000,0.343000,-1.421000
2,40,0.030769,0.026496,-0.997314,0.441000,0.245000,-1.470000
2,41,0.030769,0.026862,-0.994994,0.441000,0.294000,-1.421000
2,42,0.030037,0.026374,-0.996459,0.343000,0.343000,-1.323000
2,43,0.031013,0.026862,-0.998535,0.392000,0.294000,-1.470000
2,44,0.031136,0.026740,-0.997680,0.392000,0.392000,-1.323000
2,45,0.030281,0.028327,-0.997070,0.392000,0.294000,-1.470000
2,46,0.030037,0.028449,-0.995971,0.441000,0.294000,-1.421000
2,47,0.030037,0.025885,-0.996459,0.441000,0.245000,-1.519000
2,48,0.030525,0.028327,-0.995604,0.392000,0.294000,-1.421000
2,49,0.031502,0.027595,-0.997314,0.441000,0.343000,-1.372000
2,50,0.030647,0.028694,-0.998291,0.441000,0.245000,-1.470000
2,51,0.030403,0.026374,-0.997070,0.392000,0.294000,-1.372000
2,52,0.030525,0.027106,-0.996215,0.441000,0.343000,-1.372000
2,53,0.030891,0.027350,-0.998046,0.490000,0.392000,-1.323000
2,54,0.031868,0.028205,-0.996459,0.441000,0.294000,-1.470000
2,55,0.029915,0.027473,-0.996703,0.343000,0.392000,-1.323000
2,56,0.030525,0.026740,-0.998901,0.343000,0.294000,-1.470000
2,57,0.031136,0.029426,-0.996215,0.441000,0.343000,-1.323000
2,58,0.029915,0.029304,-0.996947,0.490000,0.294000,-1.372000
2,59,0.031136,0.029304,-0.997558,0.392000,0.294000,-1.323000
2,60,0.030525,0.028083,-0.996093,0.343000,0.392000,-1.372000
2,61,0.030525,0.026984,-0.995482,0.490000,0.392000,-1.421000
2,62,0.030281,0.026618,-0.996947,0.441000,0.392000,-1.421000
2,63,0.030037,0.027228,-0.997070,0.441000,0.343000,-1.421000
2,64,0.030525,0.027228,-0.996703,0.392000,0.294000,-1.421000
2,65,0.031136,0.027839,-0.996581,0.441000,0.343000,-1.323000
2,66,0.030647,0.026496,-0.998168,0.392000,0.392000,-1.323000
2,67,0.031624,0.027717,-0.998168,0.392000,0.441000,-1.323000
2,68,0.031624,0.028205,-0.995849,0.392000,0.294000,-1.421000
2,69,0.030891,0.027106,-0.996703,0.441000,0.294000,-1.323000
2,70,0.031868,0.027106,-0.997314,0.441000,0.196000,-1.274000
2,71,0.029915,0.028571,-0.997680,0.441000,0.441000,-1.421000
2,72,0.031258,0.027595,-0.997192,0.441000,0.245000,-1.323000
2,73,0.031746,0.026984,-0.995360,0.343000,0.392000,-1.421000
2,74,0.030037,0.026252,-0.998046,0.490000,0.294000,-1.421000
2,75,0.030403,0.027228,-0.999023,0.441000,0.343000,-1.372000
2,76,0.031380,0.028327,-0.997314,0.441000,0.343000,-1.274000
2,77,0.031380,0.027839,-0.997924,0.441000,0.294000,-1.421000
2,78,0.030891,0.027350,-0.996581,0.392000,0.392000,-1.323000
2,79,0.031868,0.027106,-0.996093,0.441000,0.294000,-1.372000
2,80,0.030525,0.027839,-0.998168,0.392000,0.343000,-1.372000
2,81,0.029915,0.026252,-0.994994,0.392000,0.343000,-1.470000
2,82,0.032234,0.025763,-0.996093,0.392000,0.294000,-1.421000
2,83,0.032479,0.028327,-0.996581,0.441000,0.343000,-1.421000
2,84,0.030525,0.027106,-0.996093,0.441000,0.343000,-1.421000
2,85,0.029548,0.026862,-0.998046,0.392000,0.294000,-1.323000
2,86,0.030525,0.027106,-0.996703,0.441000,0.294000,-1.372000
2,87,0.028816,0.026129,-0.998657,0.392000,0.392000,-1.470000
2,88,0.030403,0.027228,-0.995971,0.441000,0.343000,-1.421000
2,89,0.031624,0.027473,-0.996581,0.441000,0.392000,-1.421000
2,90,0.029792,0.027228,-0.995604,0.441000,0.392000,-1.372000
2,91,0.030647,0.026984,-0.998168,0.490000,0.294000,-1.274000
2,92,0.031868,0.026740,-0.996337,0.392000,0.343000,-1.372000
2,93,0.029915,0.028205,-0.996215,0.392000,0.343000,-1.421000
2,94,0.031502,0.027350,-0.996825,0.441000,0.343000,-1.372000
2,95,0.030037,0.026862,-0.995360,0.441000,0.245000,-1.519000
2,96,0.031258,0.028571,-0.996459,0.441000,0.343000,-1.372000
2,97,0.031136,0.027839,-0.996215,0.441000,0.392000,-1.421000
2,98,0.031013,0.026618,-0.997924,0.392000,0.343000,-1.470000
2,99,0.029548,0.026740,-0.993895,0.392000,0.343000,-1.323000
3,0,0.987546,0.119658,-0.005372,1.323000,0.490000,-0.392000
3,1,0.987790,0.118559,-0.005372,1.323000,0.441000,-0.343000
3,2,0.987057,0.117949,-0.004396,1.421000,0.392000,-0.343000
3,3,0.987668,0.119292,-0.005617,1.421000,0.441000,-0.343000
3,4,0.986935,0.118926,-0.005617,1.470000,0.392000,-0.343000
3,5,0.986691,0.117949,-0.005617,1.372000,0.392000,-0.294000
3,6,0.986935,0.118193,-0.005495,1.421000,0.441000,-0.343000
3,7,0.987057,0.118559,-0.005495,1.421000,0.392000,-0.392000
3,8,0.987546,0.119414,-0.004884,1.421000,0.392000,-0.294000
3,9,0.987424,0.116728,-0.002686,1.421000,0.392000,-0.343000
3,10,0.989133,0.119292,-0.005983,1.421000,0.490000,-0.392000
3,11,0.987790,0.117949,-0.004274,1.421000,0.441000,-0.343000
3,12,0.987668,0.118926,-0.003907,1.372000,0.539000,-0.294000
3,13,0.988889,0.118559,-0.002808,1.421000,0.539000,-0.294000
3,14,0.988034,0.118559,-0.003297,1.470000,0.490000,-0.294000
3,15,0.986691,0.117582,-0.002930,1.470000,0.490000,-0.343000
3,16,0.987057,0.119292,-0.005372,1.372000,0.441000,-0.343000
3,17,0.989011,0.119414,-0.005250,1.519000,0.392000,-0.245000
3,18,0.988523,0.118437,-0.004029,1.421000,0.441000,-0.343000
3,19,0.987668,0.117949,-0.003541,1.421000,0.343000,-0.343000
3,20,0.988278,0.118193,-0.004762,1.372000,0.490000,-0.441000
3,21,0.987790,0.118681,-0.005128,1.421000,0.392000,-0.294000
3,22,0.987179,0.118681,-0.003297,1.372000,0.441000,-0.343000
3,23,0.989988,0.121368,-0.005617,1.323000,0.441000,-0.441000
3,24,0.989255,0.117827,-0.005861,1.372000,0.490000,-0.294000
3,25,0.989621,0.117827,-0.005495,1.421000,0.539000,-0.343000
3,26,0.987668,0.119292,-0.004151,1.323000,0.441000,-0.343000
3,27,0.987057,0.118681,-0.002686,1.372000,0.441000,-0.343000
3,28,0.987057,0.119414,-0.003419,1.372000,0.490000,-0.392000
3,29,0.988278,0.118437,-0.003175,1.421000,0.392000,-0.294000
3,30,0.988767,0.117338,-0.004396,1.519000,0.392000,-0.294000
3,31,0.987668,0.118926,-0.003541,1.323000,0.490000,-0.392000
3,32,0.988278,0.117705,-0.005861,1.470000,0.392000,-0.294000
3,33,0.988156,0.119048,-0.005739,1.421000,0.490000,-0.245000
3,34,0.987790,0.118681,-0.005250,1.372000,0.343000,-0.245000
3,35,0.988523,0.118437,-0.005495,1.470000,0.392000,-0.294000
3,36,0.988034,0.118071,-0.003419,1.421000,0.441000,-0.343000
3,37,0.986691,0.118437,-0.004640,1.323000,0.490000,-0.392000
3,38,0.988278,0.119048,-0.005006,1.470000,0.392000,-0.343000
3,39,0.987424,0.119292,-0.004396,1.421000,0.441000,-0.392000
3,40,0.986569,0.117216,-0.004884,1.421000,0.490000,-0.294000
3,41,0.988034,0.118681,-0.004884,1.421000,0.441000,-0.343000
3,42,0.987790,0.117338,-0.005128,1.323000,0.392000,-0.441000
3,43,0.987790,0.118803,-0.005983,1.372000,0.441000,-0.392000
3,44,0.987790,0.117582,-0.007204,1.372000,0.490000,-0.294000
3,45,0.990110,0.119536,-0.004518,1.372000,0.490000,-0.294000
3,46,0.987057,0.116728,-0.004274,1.372000,0.490000,-0.343000
3,47,0.987057,0.116484,-0.004518,1.470000,0.441000,-0.294000
3,48,0.988034,0.118926,-0.005006,1.323000,0.441000,-0.343000
3,49,0.988156,0.117705,-0.004762,1.470000,0.392000,-0.294000
3,50,0.987790,0.118437,-0.004884,1.323000,0.441000,-0.294000
3,51,0.989377,0.118071,0.000000,1.421000,0.490000,-0.392000
3,52,0.986081,0.119536,-0.005250,1.421000,0.441000,-0.343000
3,53,0.988156,0.116606,-0.004518,1.421000,0.441000,-0.343000
3,54,0.987546,0.116728,-0.005006,1.470000,0.490000,-0.245000
3,55,0.987790,0.119536,-0.004151,1.372000,0.392000,-0.343000
3,56,0.988889,0.116484,-0.007814,1.372000,0.441000,-0.294000
3,57,0.986081,0.117705,-0.004762,1.421000,0.441000,-0.392000
3,58,0.989499,0.117094,-0.005983,1.372000,0.343000,-0.392000
3,59,0.988523,0.117460,-0.005128,1.372000,0.392000,-0.343000
3,60,0.989011,0.117705,-0.005128,1.568000,0.490000,-0.294000
3,61,0.987912,0.118926,-0.005617,1.470000,0.392000,-0.294000
3,62,0.987668,0.118437,-0.006105,1.519000,0.343000,-0.196000
3,63,0.988400,0.117460,-0.004274,1.470000,0.441000,-0.196000
3,64,0.986691,0.117827,-0.002564,1.421000,0.441000,-0.441000
3,65,0.988645,0.117094,-0.003419,1.470000,0.392000,-0.245000
3,66,0.986813,0.117338,-0.004518,1.519000,0.490000,-0.294000
3,67,0.987668,0.115995,-0.005250,1.421000,0.441000,-0.294000
3,68,0.988889,0.117827,-0.005739,1.421000,0.441000,-0.245000
3,69,0.988034,0.119048,-0.005372,1.372000,0.490000,-0.343000
3,70,0.987912,0.117338,-0.003297,1.421000,0.490000,-0.392000
3,71,0.989255,0.118315,-0.004640,1.421000,0.441000,-0.343000
3,72,0.987424,0.118193,-0.005250,1.519000,0.588000,-0.343000
3,73,0.988889,0.117827,-0.003907,1.421000,0.441000,-0.196000
3,74,0.986691,0.117582,-0.003419,1.372000,0.490000,-0.343000
3,75,0.987790,0.118803,-0.004762,1.421000,0.441000,-0.343000
3,76,0.987790,0.118071,-0.005006,1.421000,0.539000,-0.294000
3,77,0.988034,0.117582,-0.005861,1.470000,0.441000,-0.294000
3,78,0.988400,0.117949,-0.006349,1.372000,0.490000,-0.441000
3,79,0.986081,0.116606,-0.004884,1.372000,0.441000,-0.343000
3,80,0.988767,0.117949,-0.005617,1.372000,0.539000,-0.392000
3,81,0.989255,0.117705,-0.005617,1.421000,0.392000,-0.294000
3,82,0.987424,0.117216,-0.005617,1.323000,0.441000,-0.392000
3,83,0.987179,0.117338,-0.006105,1.372000,0.392000,-0.343000
3,84,0.988645,0.117827,-0.005617,1.421000,0.392000,-0.490000
3,85,0.987179,0.117582,-0.004762,1.421000,0.441000,-0.343000
3,86,0.987424,0.118437,-0.002808,1.372000,0.441000,-0.245000
3,87,0.986813,0.117460,-0.004640,1.470000,0.392000,-0.343000
3,88,0.987546,0.119536,-0.005372,1.470000,0.392000,-0.294000
3,89,0.988034,0.118071,-0.005250,1.470000,0.490000,-0.343000
3,90,0.986813,0.117216,-0.004518,1.421000,0.441000,-0.343000
3,91,0.986813,0.116850,-0.005128,1.470000,0.490000,-0.294000
3,92,0.987790,0.117094,-0.004884,1.470000,0.490000,-0.343000
3,93,0.987546,0.117827,-0.005250,1.372000,0.441000,-0.196000
3,94,0.987179,0.116728,-0.006105,1.323000,0.392000,-0.392000
3,95,0.988278,0.117094,-0.004884,1.421000,0.392000,-0.441000
3,96,0.988156,0.118926,-0.004884,1.421000,0.441000,-0.343000
3,97,0.987912,0.117460,-0.004274,1.421000,0.490000,-0.245000
3,98,0.988278,0.119292,-0.004029,1.470000,0.441000,-0.294000
3,99,0.987057,0.116117,-0.003053,1.470000,0.490000,-0.392000
4,0,-0.031624,0.980464,0.174115,0.392000,1.323000,-0.098000
4,1,-0.032234,0.981074,0.174115,0.392000,1.323000,-0.098000
4,2,-0.031013,0.981319,0.175214,0.343000,1.372000,-0.147000
4,3,-0.032479,0.983150,0.173016,0.343000,1.274000,-0.147000
4,4,-0.032234,0.981685,0.174359,0.294000,1.372000,-0.147000
4,5,-0.031258,0.981074,0.174237,0.343000,1.274000,-0.147000
4,6,-0.031868,0.981441,0.172894,0.294000,1.372000,-0.147000
4,7,-0.030647,0.979609,0.173504,0.294000,1.421000,-0.245000
4,8,-0.031380,0.981441,0.174359,0.343000,1.323000,-0.147000
4,9,-0.031624,0.981197,0.172772,0.392000,1.323000,-0.147000
4,10,-0.030891,0.978999,0.172527,0.343000,1.274000,-0.196000
4,11,-0.031136,0.980952,0.172527,0.343000,1.225000,-0.196000
4,12,-0.031990,0.982906,0.174847,0.196000,1.323000,-0.245000
4,13,-0.031746,0.980464,0.171795,0.343000,1.421000,-0.294000
4,14,-0.031502,0.981441,0.174359,0.392000,1.323000,-0.098000
4,15,-0.030159,0.980464,0.173138,0.294000,1.274000,-0.147000
4,16,-0.031746,0.980342,0.174115,0.343000,1.323000,-0.196000
4,17,-0.029915,0.979609,0.174481,0.343000,1.274000,-0.098000
4,18,-0.030769,0.981319,0.174237,0.294000,1.323000,-0.147000
4,19,-0.030403,0.982173,0.172283,0.294000,1.323000,-0.098000
4,20,-0.031380,0.981685,0.177289,0.294000,1.372000,-0.098000
4,21,-0.031624,0.980708,0.173504,0.294000,1.323000,-0.147000
4,22,-0.031746,0.982295,0.174237,0.343000,1.372000,-0.196000
4,23,-0.031380,0.980708,0.175702,0.343000,1.372000,-0.147000
4,24,-0.032112,0.980586,0.173993,0.294000,1.372000,-0.245000
4,25,-0.032234,0.979976,0.176435,0.294000,1.421000,-0.245000
4,26,-0.031258,0.980220,0.172161,0.294000,1.372000,-0.196000
4,27,-0.031624,0.983028,0.174847,0.245000,1.323000,-0.196000
4,28,-0.031013,0.981685,0.173871,0.294000,1.274000,-0.294000
4,29,-0.031013,0.980586,0.172405,0.294000,1.225000,-0.245000
4,30,-0.031380,0.982540,0.175824,0.294000,1.323000,-0.196000
4,31,-0.030647,0.981929,0.175214,0.343000,1.323000,-0.147000
4,32,-0.029915,0.983028,0.173260,0.343000,1.323000,-0.098000
4,33,-0.029915,0.980708,0.173504,0.343000,1.323000,-0.147000
4,34,-0.032112,0.981807,0.174725,0.441000,1.323000,-0.098000
4,35,-0.030769,0.979731,0.173138,0.392000,1.323000,-0.049000
4,36,-0.031990,0.981197,0.175092,0.343000,1.372000,-0.196000
4,37,-0.031013,0.982540,0.174359,0.343000,1.323000,-0.098000
4,38,-0.032112,0.984860,0.173748,0.392000,1.421000,-0.098000
4,39,-0.031624,0.981685,0.172161,0.343000,1.274000,-0.147000
4,40,-0.031624,0.981685,0.175580,0.392000,1.372000,-0.196000
4,41,-0.031380,0.982540,0.173504,0.343000,1.274000,-0.147000
4,42,-0.031746,0.979976,0.173504,0.343000,1.323000,-0.196000
4,43,-0.032234,0.980586,0.174115,0.245000,1.372000,-0.196000
4,44,-0.030281,0.979976,0.172283,0.392000,1.323000,-0.147000
4,45,-0.030281,0.982662,0.175214,0.392000,1.421000,-0.147000
4,46,-0.030403,0.981441,0.173016,0.392000,1.421000,-0.098000
4,47,-0.033089,0.980830,0.176313,0.294000,1.372000,-0.098000
4,48,-0.031013,0.982173,0.171917,0.392000,1.372000,-0.098000
4,49,-0.032357,0.980952,0.173382,0.294000,1.225000,-0.147000
4,50,-0.031990,0.981197,0.173871,0.343000,1.323000,-0.196000
4,51,-0.032112,0.982051,0.173016,0.441000,1.323000,-0.147000
4,52,-0.030769,0.983028,0.175458,0.294000,1.372000,-0.098000
4,53,-0.031746,0.981074,0.174481,0.343000,1.372000,-0.098000
4,54,-0.031013,0.981807,0.173993,0.294000,1.323000,-0.147000
4,55,-0.030647,0.979731,0.173993,0.392000,1.274000,-0.147000
4,56,-0.031868,0.981563,0.174969,0.294000,1.323000,-0.098000
4,57,-0.031868,0.982418,0.172650,0.196000,1.470000,-0.147000
4,58,-0.030769,0.981197,0.174237,0.343000,1.323000,-0.147000
4,59,-0.031013,0.981197,0.173504,0.441000,1.274000,-0.196000
4,60,-0.030891,0.982418,0.174237,0.392000,1.323000,-0.196000
4,61,-0.031746,0.981319,0.173382,0.294000,1.323000,-0.098000
4,62,-0.030769,0.982051,0.174481,0.294000,1.421000,-0.098000
4,63,-0.031258,0.982784,0.174359,0.343000,1.323000,-0.147000
4,64,-0.031502,0.980830,0.173016,0.294000,1.225000,-0.049000
4,65,-0.030525,0.981197,0.173016,0.343000,1.274000,-0.196000
4,66,-0.031136,0.980830,0.174359,0.343000,1.372000,-0.049000
4,67,-0.031380,0.981807,0.174237,0.343000,1.470000,-0.147000
4,68,-0.031258,0.982662,0.172161,0.245000,1.421000,-0.196000
4,69,-0.031258,0.980220,0.174481,0.392000,1.323000,-0.098000
4,70,-0.032112,0.982662,0.174847,0.392000,1.372000,-0.147000
4,71,-0.030403,0.981197,0.171795,0.343000,1.421000,-0.196000
4,72,-0.031258,0.980708,0.175824,0.294000,1.323000,-0.196000
4,73,-0.030769,0.981929,0.172527,0.343000,1.372000,-0.147000
4,74,-0.031868,0.980098,0.173016,0.294000,1.421000,-0.196000
4,75,-0.031990,0.982051,0.174115,0.392000,1.372000,-0.147000
4,76,-0.031258,0.981197,0.174725,0.343000,1.323000,-0.098000
4,77,-0.031013,0.981441,0.174359,0.294000,1.323000,-0.196000
4,78,-0.030403,0.981929,0.173382,0.294000,1.372000,-0.196000
4,79,-0.031502,0.980830,0.174237,0.392000,1.323000,-0.147000
4,80,-0.031746,0.981197,0.172283,0.343000,1.323000,-0.098000
4,81,-0.030769,0.981074,0.172283,0.392000,1.323000,-0.049000
4,82,-0.030647,0.980708,0.174969,0.343000,1.323000,-0.147000
4,83,-0.032112,0.981563,0.172405,0.343000,1.372000,-0.098000
4,84,-0.032234,0.981319,0.175702,0.294000,1.372000,-0.196000
4,85,-0.032234,0.980586,0.173748,0.294000,1.372000,-0.147000
4,86,-0.031380,0.981074,0.174359,0.294000,1.323000,-0.147000
4,87,-0.030769,0.981685,0.172772,0.392000,1.274000,-0.098000
4,88,-0.031258,0.981074,0.174603,0.343000,1.323000,-0.098000
4,89,-0.031258,0.981074,0.173382,0.392000,1.274000,-0.196000
4,90,-0.031136,0.980830,0.172650,0.294000,1.372000,-0.196000
4,91,-0.031013,0.981929,0.172894,0.343000,1.274000,-0.245000
4,92,-0.031746,0.981074,0.173748,0.392000,1.323000,-0.147000
4,93,-0.029182,0.981929,0.174969,0.343000,1.323000,-0.196000
4,94,-0.032234,0.980342,0.173260,0.343000,1.323000,-0.196000
4,95,-0.030769,0.982295,0.175092,0.392000,1.323000,-0.147000
4,96,-0.031013,0.979731,0.173993,0.343000,1.372000,-0.147000
4,97,-0.030769,0.981563,0.174725,0.392000,1.274000,-0.098000
4,98,-0.032723,0.980708,0.172650,0.294000,1.372000,-0.147000
4,99,-0.031136,0.981563,0.175824,0.392000,1.274000,-0.196000
5,0,-0.035287,-0.993895,0.124786,0.441000,-0.686000,-0.294000
5,1,-0.036264,-0.995116,0.125275,0.392000,-0.637000,-0.245000
5,2,-0.036508,-0.993651,0.125519,0.343000,-0.637000,-0.147000
5,3,-0.037607,-0.994872,0.123565,0.392000,-0.784000,-0.147000
5,4,-0.036996,-0.994750,0.124298,0.441000,-0.784000,-0.196000
5,5,-0.037729,-0.992308,0.124176,0.392000,-0.686000,-0.294000
5,6,-0.036752,-0.996337,0.124908,0.294000,-0.637000,-0.294000
5,7,-0.037485,-0.992918,0.125275,0.343000,-0.686000,-0.245000
5,8,-0.037729,-0.994261,0.124664,0.392000,-0.686000,-0.147000
5,9,-0.035409,-0.994017,0.124298,0.343000,-0.686000,-0.245000
5,10,-0.036264,-0.996093,0.123932,0.343000,-0.735000,-0.147000
5,11,-0.036752,-0.994628,0.125153,0.392000,-0.686000,-0.245000
5,12,-0.035775,-0.994139,0.125031,0.343000,-0.588000,-0.147000
5,13,-0.036996,-0.996825,0.124786,0.441000,-0.735000,-0.147000
5,14,-0.035775,-0.995116,0.124908,0.294000,-0.637000,-0.245000
5,15,-0.036142,-0.993407,0.123932,0.441000,-0.686000,-0.196000
5,16,-0.036264,-0.995604,0.124420,0.343000,-0.735000,-0.245000
5,17,-0.036874,-0.995482,0.125275,0.441000,-0.637000,-0.147000
5,18,-0.037729,-0.993895,0.124054,0.392000,-0.735000,-0.196000
5,19,-0.037485,-0.995604,0.123932,0.343000,-0.686000,-0.294000
5,20,-0.035409,-0.994139,0.124298,0.294000,-0.588000,-0.245000
5,21,-0.036386,-0.994628,0.123687,0.343000,-0.637000,-0.196000
5,22,-0.034432,-0.994750,0.124664,0.294000,-0.686000,-0.196000
5,23,-0.037118,-0.993284,0.124664,0.343000,-0.637000,-0.196000
5,24,-0.036264,-0.995482,0.125153,0.343000,-0.637000,-0.294000
5,25,-0.035897,-0.993529,0.123687,0.343000,-0.686000,-0.245000
5,26,-0.037363,-0.995238,0.124786,0.392000,-0.686000,-0.147000
5,27,-0.036874,-0.994750,0.124664,0.343000,-0.686000,-0.196000
5,28,-0.037241,-0.994017,0.123932,0.343000,-0.735000,-0.196000
5,29,-0.037118,-0.994628,0.126374,0.343000,-0.686000,-0.245000
5,30,-0.038584,-0.994750,0.123443,0.343000,-0.686000,-0.245000
5,31,-0.037851,-0.994505,0.124664,0.392000,-0.686000,-0.098000
5,32,-0.037485,-0.994872,0.125153,0.392000,-0.637000,-0.196000
5,33,-0.036874,-0.995360,0.124664,0.294000,-0.686000,-0.245000
5,34,-0.036508,-0.994139,0.124786,0.343000,-0.735000,-0.245000
5,35,-0.036752,-0.995971,0.126374,0.343000,-0.588000,-0.245000
5,36,-0.036752,-0.993407,0.125641,0.343000,-0.686000,-0.147000
5,37,-0.037363,-0.994139,0.123687,0.392000,-0.686000,-0.245000
5,38,-0.036630,-0.995482,0.125031,0.343000,-0.686000,-0.196000
5,39,-0.036264,-0.993162,0.125397,0.392000,-0.637000,-0.147000
5,40,-0.037607,-0.993529,0.123565,0.343000,-0.637000,-0.196000
5,41,-0.036142,-0.995116,0.124298,0.343000,-0.735000,-0.245000
5,42,-0.036020,-0.995971,0.125397,0.441000,-0.686000,-0.147000
5,43,-0.035897,-0.994139,0.123687,0.294000,-0.637000,-0.196000
5,44,-0.037973,-0.995238,0.124420,0.490000,-0.735000,-0.147000
5,45,-0.036386,-0.995849,0.124176,0.294000,-0.588000,-0.294000
5,46,-0.036996,-0.993162,0.124298,0.294000,-0.588000,-0.245000
5,47,-0.036752,-0.995604,0.125031,0.392000,-0.686000,-0.147000
5,48,-0.035897,-0.993407,0.124054,0.343000,-0.686000,-0.245000
5,49,-0.035775,-0.995238,0.126252,0.441000,-0.735000,-0.294000
5,50,-0.035897,-0.993773,0.125153,0.392000,-0.637000,-0.196000
5,51,-0.037485,-0.995116,0.125153,0.392000,-0.637000,-0.245000
5,52,-0.035897,-0.994750,0.125885,0.392000,-0.686000,-0.147000
5,53,-0.037241,-0.993773,0.122466,0.392000,-0.637000,-0.147000
5,54,-0.037241,-0.995604,0.121978,0.441000,-0.686000,-0.147000
5,55,-0.038462,-0.995238,0.123932,0.294000,-0.588000,-0.147000
5,56,-0.039194,-0.995238,0.125031,0.343000,-0.637000,-0.147000
5,57,-0.036386,-0.993040,0.123932,0.294000,-0.735000,-0.294000
5,58,-0.036630,-0.994994,0.124786,0.392000,-0.686000,-0.245000
5,59,-0.036264,-0.993529,0.124542,0.392000,-0.686000,-0.245000
5,60,-0.036142,-0.994383,0.123565,0.343000,-0.637000,-0.245000
5,61,-0.036386,-0.995238,0.124908,0.294000,-0.686000,-0.294000
5,62,-0.036630,-0.995116,0.124420,0.294000,-0.735000,-0.343000
5,63,-0.036752,-0.994383,0.124786,0.392000,-0.686000,-0.245000
5,64,-0.038706,-0.993284,0.125031,0.294000,-0.686000,-0.245000
5,65,-0.036386,-0.994383,0.125397,0.392000,-0.588000,-0.196000
5,66,-0.036630,-0.993529,0.123321,0.294000,-0.637000,-0.294000
5,67,-0.037973,-0.996337,0.124908,0.392000,-0.637000,-0.147000
5,68,-0.037118,-0.993895,0.124176,0.392000,-0.637000,-0.245000
5,69,-0.037363,-0.995849,0.125763,0.343000,-0.686000,-0.294000
5,70,-0.036996,-0.992674,0.125275,0.343000,-0.735000,-0.147000
5,71,-0.036264,-0.996581,0.126618,0.441000,-0.637000,-0.245000
5,72,-0.036874,-0.994017,0.125519,0.392000,-0.686000,-0.245000
5,73,-0.036386,-0.994139,0.123443,0.343000,-0.784000,-0.245000
5,74,-0.036752,-0.995971,0.125519,0.343000,-0.637000,-0.245000
5,75,-0.036752,-0.993284,0.125397,0.392000,-0.686000,-0.196000
5,76,-0.036874,-0.995360,0.124420,0.343000,-0.686000,-0.245000
5,77,-0.037363,-0.993040,0.125641,0.343000,-0.637000,-0.343000
5,78,-0.037363,-0.996337,0.125397,0.294000,-0.686000,-0.245000
5,79,-0.037118,-0.995238,0.124176,0.343000,-0.686000,-0.245000
5,80,-0.035775,-0.993895,0.123687,0.343000,-0.686000,-0.196000
5,81,-0.038462,-0.994261,0.125275,0.343000,-0.588000,-0.245000
5,82,-0.037363,-0.994139,0.125153,0.392000,-0.735000,-0.245000
5,83,-0.036386,-0.994505,0.125885,0.343000,-0.735000,-0.245000
5,84,-0.037241,-0.996459,0.124786,0.392000,-0.686000,-0.294000
5,85,-0.036996,-0.995238,0.124054,0.392000,-0.735000,-0.147000
5,86,-0.036630,-0.993773,0.125397,0.392000,-0.686000,-0.245000
5,87,-0.037973,-0.994383,0.125519,0.392000,-0.686000,-0.245000
5,88,-0.036874,-0.995360,0.125153,0.343000,-0.637000,-0.147000
5,89,-0.037241,-0.994628,0.125031,0.392000,-0.637000,-0.196000
5,90,-0.036508,-0.994139,0.125153,0.343000,-0.686000,-0.245000
5,91,-0.037607,-0.996825,0.125763,0.441000,-0.735000,-0.147000
5,92,-0.036630,-0.994017,0.124176,0.343000,-0.588000,-0.245000
5,93,-0.036874,-0.992552,0.125275,0.294000,-0.588000,-0.245000
5,94,-0.036386,-0.995849,0.125763,0.392000,-0.637000,-0.245000
5,95,-0.036996,-0.994017,0.125153,0.392000,-0.539000,-0.196000
5,96,-0.035897,-0.994139,0.124176,0.392000,-0.637000,-0.245000
5,97,-0.036874,-0.995726,0.125153,0.392000,-0.784000,-0.294000
5,98,-0.036386,-0.994750,0.123443,0.392000,-0.686000,-0.196000
5,99,-0.038217,-0.994505,0.124664,0.343000,-0.686000,-0.196000
6,0,-1.002076,0.004151,-0.077167,-0.588000,0.294000,-0.392000
6,1,-1.004151,0.003907,-0.078510,-0.637000,0.245000,-0.343000
6,2,-1.000610,0.003541,-0.077534,-0.588000,0.294000,-0.392000
6,3,-1.003541,0.004151,-0.077411,-0.588000,0.196000,-0.294000
6,4,-1.001954,0.004274,-0.077778,-0.539000,0.294000,-0.441000
6,5,-1.004029,0.004762,-0.077900,-0.588000,0.294000,-0.490000
6,6,-1.003785,0.004029,-0.077534,-0.637000,0.294000,-0.441000
6,7,-1.002930,0.003785,-0.078022,-0.588000,0.343000,-0.392000
6,8,-1.003907,0.003419,-0.077778,-0.490000,0.294000,-0.392000
6,9,-1.001099,0.003541,-0.078632,-0.539000,0.294000,-0.343000
6,10,-1.003663,0.003785,-0.077167,-0.588000,0.343000,-0.392000
6,11,-1.002320,0.003785,-0.079609,-0.539000,0.245000,-0.441000
6,12,-1.001832,0.003541,-0.078632,-0.539000,0.196000,-0.490000
6,13,-1.000122,0.004640,-0.078877,-0.637000,0.294000,-0.441000
6,14,-1.002564,0.004762,-0.078999,-0.539000,0.343000,-0.343000
6,15,-1.002686,0.004640,-0.077778,-0.637000,0.294000,-0.294000
6,16,-1.001709,0.003785,-0.078755,-0.539000,0.245000,-0.294000
6,17,-1.002198,0.004029,-0.076923,-0.588000,0.343000,-0.343000
6,18,-1.001343,0.004518,-0.078510,-0.539000,0.245000,-0.245000
6,19,-1.004518,0.002686,-0.076313,-0.637000,0.245000,-0.343000
6,20,-1.002564,0.004151,-0.078877,-0.588000,0.294000,-0.343000
6,21,-1.004274,0.004029,-0.076923,-0.588000,0.343000,-0.490000
6,22,-1.000366,0.004396,-0.078999,-0.490000,0.245000,-0.343000
6,23,-1.001709,0.004274,-0.079365,-0.490000,0.294000,-0.392000
6,24,-1.004762,0.003785,-0.078388,-0.539000,0.294000,-0.441000
6,25,-1.003419,0.004274,-0.078388,-0.539000,0.343000,-0.392000
6,26,-1.003907,0.003175,-0.078266,-0.490000,0.294000,-0.392000
6,27,-1.001709,0.004396,-0.078510,-0.539000,0.343000,-0.392000
6,28,-1.003175,0.004518,-0.077534,-0.588000,0.294000,-0.294000
6,29,-1.001832,0.003053,-0.079243,-0.539000,0.245000,-0.392000
6,30,-1.002808,0.002686,-0.077656,-0.490000,0.245000,-0.490000
6,31,-1.000733,0.004151,-0.077900,-0.588000,0.245000,-0.441000
6,32,-1.002320,0.003541,-0.078877,-0.539000,0.245000,-0.441000
6,33,-1.004274,0.004518,-0.077534,-0.637000,0.294000,-0.392000
6,34,-1.000610,0.005250,-0.077289,-0.588000,0.245000,-0.441000
6,35,-1.002930,0.004029,-0.078144,-0.490000,0.294000,-0.343000
6,36,-1.003297,0.003297,-0.079243,-0.539000,0.294000,-0.343000
6,37,-1.003052,0.004884,-0.078022,-0.588000,0.294000,-0.392000
6,38,-1.000610,0.004029,-0.079243,-0.588000,0.245000,-0.392000
6,39,-1.003052,0.004396,-0.077411,-0.539000,0.294000,-0.294000
6,40,-1.001954,0.002198,-0.077289,-0.539000,0.343000,-0.343000
6,41,-1.001832,0.004029,-0.077778,-0.490000,0.245000,-0.343000
6,42,-1.003419,0.003297,-0.080098,-0.539000,0.294000,-0.294000
6,43,-1.002808,0.003541,-0.079243,-0.588000,0.294000,-0.441000
6,44,-1.003052,0.004396,-0.076557,-0.588000,0.294000,-0.392000
6,45,-1.003175,0.004396,-0.079731,-0.588000,0.245000,-0.343000
6,46,-1.003052,0.004151,-0.078144,-0.539000,0.294000,-0.343000
6,47,-1.001343,0.004029,-0.077534,-0.637000,0.294000,-0.392000
6,48,-1.003541,0.003907,-0.078632,-0.686000,0.196000,-0.441000
6,49,-1.001221,0.003907,-0.077778,-0.539000,0.343000,-0.441000
6,50,-1.004029,0.003053,-0.078877,-0.588000,0.245000,-0.392000
6,51,-1.002442,0.003663,-0.079853,-0.588000,0.294000,-0.294000
6,52,-1.002198,0.003297,-0.077900,-0.490000,0.294000,-0.490000
6,53,-1.002442,0.004151,-0.079243,-0.588000,0.294000,-0.294000
6,54,-1.004640,0.003541,-0.078510,-0.588000,0.294000,-0.343000
6,55,-1.000977,0.003175,-0.078144,-0.441000,0.294000,-0.343000
6,56,-1.002686,0.004029,-0.079609,-0.588000,0.245000,-0.392000
6,57,-1.003297,0.004518,-0.079487,-0.490000,0.294000,-0.392000
6,58,-1.001954,0.004029,-0.077411,-0.539000,0.245000,-0.392000
6,59,-1.002442,0.003785,-0.078510,-0.588000,0.343000,-0.392000
6,60,-1.000855,0.003663,-0.076679,-0.539000,0.245000,-0.343000
6,61,-1.004762,0.004518,-0.077900,-0.588000,0.294000,-0.441000
6,62,-1.001832,0.004029,-0.078022,-0.588000,0.294000,-0.490000
6,63,-1.002686,0.003541,-0.077411,-0.539000,0.245000,-0.294000
6,64,-1.002808,0.002686,-0.076435,-0.637000,0.294000,-0.441000
6,65,-1.002320,0.002564,-0.077778,-0.539000,0.245000,-0.343000
6,66,-1.004029,0.003175,-0.078022,-0.490000,0.245000,-0.441000
6,67,-1.001954,0.004029,-0.077900,-0.588000,0.294000,-0.441000
6,68,-1.003175,0.003541,-0.075824,-0.490000,0.245000,-0.392000
6,69,-1.002808,0.004029,-0.078144,-0.539000,0.245000,-0.343000
6,70,-1.003907,0.003297,-0.079121,-0.588000,0.294000,-0.392000
6,71,-1.002198,0.004640,-0.078877,-0.539000,0.294000,-0.343000
6,72,-1.002686,0.003541,-0.077167,-0.490000,0.343000,-0.343000
6,73,-1.002686,0.002564,-0.075702,-0.588000,0.196000,-0.490000
6,74,-1.004884,0.003785,-0.078144,-0.539000,0.294000,-0.294000
6,75,-1.001832,0.003053,-0.077289,-0.539000,0.196000,-0.392000
6,76,-1.002686,0.003541,-0.079976,-0.588000,0.196000,-0.343000
6,77,-1.001709,0.004029,-0.077534,-0.588000,0.294000,-0.294000
6,78,-1.001587,0.004762,-0.078144,-0.588000,0.294000,-0.441000
6,79,-1.004274,0.005372,-0.078144,-0.588000,0.294000,-0.294000
6,80,-1.002564,0.003907,-0.078144,-0.539000,0.245000,-0.392000
6,81,-1.002442,0.003419,-0.077656,-0.539000,0.294000,-0.441000
6,82,-1.003297,0.003541,-0.076923,-0.637000,0.343000,-0.441000
6,83,-1.003541,0.004396,-0.078144,-0.588000,0.294000,-0.294000
6,84,-1.001832,0.003663,-0.078144,-0.637000,0.343000,-0.441000
6,85,-1.002076,0.004396,-0.078266,-0.588000,0.294000,-0.343000
6,86,-1.002198,0.004518,-0.078144,-0.539000,0.245000,-0.343000
6,87,-1.002076,0.004029,-0.077167,-0.490000,0.245000,-0.392000
6,88,-1.002198,0.003907,-0.076801,-0.441000,0.245000,-0.392000
6,89,-1.001221,0.003907,-0.077778,-0.637000,0.294000,-0.490000
6,90,-1.003419,0.003175,-0.078266,-0.637000,0.245000,-0.392000
6,91,-1.002442,0.003541,-0.076801,-0.588000,0.294000,-0.392000
6,92,-1.001221,0.003419,-0.077900,-0.588000,0.196000,-0.490000
6,93,-1.001954,0.004274,-0.077411,-0.539000,0.245000,-0.343000
6,94,-1.002076,0.003297,-0.078022,-0.539000,0.294000,-0.392000
6,95,-1.003419,0.003785,-0.078388,-0.588000,0.294000,-0.343000
6,96,-1.001587,0.003175,-0.079487,-0.539000,0.294000,-0.343000
6,97,-1.003297,0.004029,-0.078144,-0.539000,0.294000,-0.441000
6,98,-1.001954,0.004396,-0.077900,-0.588000,0.343000,-0.392000
6,99,-1.002442,0.004151,-0.077534,-0.588000,0.343000,-0.392000
7,0,-0.249695,-0.962271,0.145788,0.098000,-0.637000,-0.294000
7,1,-0.250549,-0.961172,0.145055,0.147000,-0.637000,-0.196000
7,2,-0.249451,-0.962882,0.147375,0.147000,-0.637000,-0.294000
7,3,-0.249451,-0.961783,0.146032,0.147000,-0.588000,-0.098000
7,4,-0.250672,-0.962637,0.146764,0.098000,-0.588000,-0.196000
7,5,-0.247863,-0.963492,0.145910,0.098000,-0.637000,-0.196000
7,6,-0.249939,-0.962515,0.145421,0.147000,-0.686000,-0.343000
7,7,-0.249084,-0.962027,0.145299,0.245000,-0.784000,-0.294000
7,8,-0.249451,-0.962271,0.146642,0.196000,-0.588000,-0.147000
7,9,-0.250549,-0.961905,0.147375,0.147000,-0.588000,-0.196000
7,10,-0.249451,-0.961538,0.144933,0.196000,-0.637000,-0.196000
7,11,-0.249451,-0.961538,0.146642,0.196000,-0.637000,-0.245000
7,12,-0.248840,-0.961661,0.146886,0.196000,-0.588000,-0.196000
7,13,-0.248962,-0.960317,0.146154,0.147000,-0.686000,-0.196000
7,14,-0.250427,-0.961783,0.144567,0.147000,-0.686000,-0.245000
7,15,-0.249451,-0.961661,0.146276,0.196000,-0.637000,-0.147000
7,16,-0.250305,-0.962637,0.146276,0.196000,-0.588000,-0.245000
7,17,-0.247131,-0.960684,0.145421,0.196000,-0.686000,-0.196000
7,18,-0.250794,-0.961905,0.147375,0.098000,-0.588000,-0.147000
7,19,-0.250794,-0.962149,0.147619,0.098000,-0.637000,-0.245000
7,20,-0.249084,-0.962515,0.146154,0.098000,-0.686000,-0.098000
7,21,-0.249573,-0.961661,0.146642,0.147000,-0.588000,-0.147000
7,22,-0.248718,-0.964103,0.145665,0.196000,-0.637000,-0.196000
7,23,-0.248718,-0.961294,0.145665,0.196000,-0.588000,-0.147000
7,24,-0.250427,-0.963126,0.147741,0.147000,-0.686000,-0.147000
7,25,-0.248840,-0.963126,0.145910,0.196000,-0.637000,-0.147000
7,26,-0.248596,-0.960195,0.146520,0.147000,-0.637000,-0.147000
7,27,-0.249817,-0.962027,0.145177,0.147000,-0.637000,-0.196000
7,28,-0.249451,-0.962027,0.144567,0.147000,-0.637000,-0.245000
7,29,-0.248840,-0.961538,0.146886,0.196000,-0.735000,-0.294000
7,30,-0.249328,-0.961416,0.148107,0.147000,-0.637000,-0.147000
7,31,-0.250916,-0.964225,0.146154,0.147000,-0.539000,-0.196000
7,32,-0.249206,-0.961661,0.147009,0.147000,-0.686000,-0.196000
7,33,-0.248840,-0.961050,0.146398,0.196000,-0.588000,-0.147000
7,34,-0.249573,-0.962759,0.145299,0.098000,-0.686000,-0.098000
7,35,-0.248352,-0.960684,0.145177,0.196000,-0.637000,-0.294000
7,36,-0.250305,-0.961905,0.146764,0.196000,-0.686000,-0.147000
7,37,-0.250061,-0.962515,0.146642,0.196000,-0.588000,-0.196000
7,38,-0.250794,-0.962882,0.148352,0.147000,-0.686000,-0.196000
7,39,-0.250672,-0.961905,0.146276,0.196000,-0.735000,-0.196000
7,40,-0.249573,-0.961538,0.147009,0.147000,-0.637000,-0.147000
7,41,-0.249328,-0.960684,0.146764,0.147000,-0.637000,-0.147000
7,42,-0.249817,-0.959951,0.146642,0.147000,-0.637000,-0.098000
7,43,-0.248718,-0.961294,0.144444,0.147000,-0.637000,-0.196000
7,44,-0.250183,-0.963004,0.147375,0.147000,-0.686000,-0.147000
7,45,-0.249084,-0.962759,0.146398,0.196000,-0.588000,-0.196000
7,46,-0.249451,-0.962515,0.144689,0.147000,-0.588000,-0.245000
7,47,-0.250549,-0.960073,0.145788,0.098000,-0.588000,-0.147000
7,48,-0.249084,-0.962759,0.146154,0.196000,-0.686000,-0.196000
7,49,-0.250916,-0.962393,0.146642,0.196000,-0.588000,-0.196000
7,50,-0.250061,-0.961783,0.146276,0.147000,-0.637000,-0.294000
7,51,-0.249817,-0.962637,0.145421,0.196000,-0.686000,-0.294000
7,52,-0.250061,-0.961661,0.146764,0.147000,-0.637000,-0.196000
7,53,-0.249573,-0.961172,0.147375,0.196000,-0.686000,-0.196000
7,54,-0.250305,-0.962637,0.147741,0.147000,-0.735000,-0.245000
7,55,-0.248230,-0.961661,0.147253,0.147000,-0.588000,-0.147000
7,56,-0.251160,-0.960928,0.146032,0.147000,-0.637000,-0.196000
7,57,-0.248596,-0.962271,0.146764,0.196000,-0.637000,-0.196000
7,58,-0.249084,-0.962271,0.146642,0.147000,-0.637000,-0.147000
7,59,-0.250183,-0.961538,0.146642,0.098000,-0.686000,-0.245000
7,60,-0.249451,-0.962393,0.146520,0.098000,-0.637000,-0.245000
7,61,-0.248718,-0.961416,0.144567,0.196000,-0.637000,-0.196000
7,62,-0.249084,-0.961416,0.145421,0.147000,-0.686000,-0.196000
7,63,-0.250183,-0.963614,0.146642,0.245000,-0.686000,-0.196000
7,64,-0.248596,-0.962515,0.146520,0.147000,-0.686000,-0.294000
7,65,-0.250183,-0.963492,0.147375,0.098000,-0.637000,-0.294000
7,66,-0.251526,-0.963492,0.146032,0.098000,-0.637000,-0.147000
7,67,-0.248962,-0.962515,0.147497,0.147000,-0.686000,-0.147000
7,68,-0.249084,-0.961172,0.145055,0.147000,-0.735000,-0.294000
7,69,-0.249939,-0.962637,0.147375,0.147000,-0.588000,-0.147000
7,70,-0.250183,-0.962271,0.145177,0.196000,-0.588000,-0.098000
7,71,-0.249939,-0.960440,0.144811,0.147000,-0.686000,-0.196000
7,72,-0.250427,-0.962027,0.146886,0.196000,-0.637000,-0.196000
7,73,-0.250427,-0.962149,0.146764,0.196000,-0.637000,-0.147000
7,74,-0.248962,-0.960440,0.146642,0.196000,-0.588000,-0.196000
7,75,-0.249939,-0.960928,0.145299,0.098000,-0.637000,-0.245000
7,76,-0.249939,-0.963004,0.144322,0.098000,-0.588000,-0.245000
7,77,-0.248962,-0.960073,0.144811,0.196000,-0.735000,-0.147000
7,78,-0.249695,-0.960928,0.145665,0.196000,-0.686000,-0.196000
7,79,-0.250549,-0.963004,0.147985,0.196000,-0.686000,-0.294000
7,80,-0.250794,-0.961783,0.146276,0.245000,-0.637000,-0.098000
7,81,-0.250427,-0.962637,0.146398,0.147000,-0.637000,-0.098000
7,82,-0.248718,-0.962027,0.146520,0.147000,-0.637000,-0.098000
7,83,-0.249695,-0.961172,0.146398,0.196000,-0.637000,-0.196000
7,84,-0.250672,-0.961172,0.144567,0.196000,-0.686000,-0.196000
7,85,-0.249573,-0.962515,0.146154,0.245000,-0.637000,-0.147000
7,86,-0.249939,-0.961905,0.147497,0.196000,-0.637000,-0.196000
7,87,-0.249206,-0.962271,0.145788,0.147000,-0.686000,-0.245000
7,88,-0.250061,-0.960806,0.146276,0.147000,-0.637000,-0.196000
7,89,-0.249573,-0.962393,0.145910,0.098000,-0.686000,-0.147000
7,90,-0.250427,-0.960806,0.146276,0.245000,-0.637000,-0.196000
7,91,-0.249084,-0.961050,0.146886,0.196000,-0.588000,-0.294000
7,92,-0.248352,-0.961783,0.145177,0.245000,-0.686000,-0.147000
7,93,-0.249573,-0.962515,0.146276,0.147000,-0.637000,-0.098000
7,94,-0.249817,-0.961783,0.147253,0.196000,-0.686000,-0.245000
7,95,-0.248230,-0.960806,0.146398,0.147000,-0.637000,-0.196000
7,96,-0.249695,-0.964103,0.146032,0.196000,-0.686000,-0.196000
7,97,-0.249939,-0.960928,0.146398,0.245000,-0.686000,-0.245000
7,98,-0.249084,-0.961661,0.145543,0.147000,-0.637000,-0.245000
7,99,-0.250549,-0.963248,0.144322,0.147000,-0.588000,-0.147000
8,0,-0.016239,0.983761,0.160928,0.343000,1.323000,-0.147000
8,1,-0.015263,0.983272,0.161538,0.294000,1.372000,-0.196000
8,2,-0.014652,0.984737,0.161538,0.343000,1.323000,-0.196000
8,3,-0.015873,0.982051,0.159585,0.294000,1.323000,-0.343000
8,4,-0.014652,0.984005,0.161416,0.392000,1.323000,-0.147000
8,5,-0.013919,0.982540,0.159707,0.294000,1.323000,-0.196000
8,6,-0.016239,0.984005,0.161416,0.441000,1.274000,-0.196000
8,7,-0.017216,0.981929,0.162637,0.343000,1.372000,-0.196000
8,8,-0.016117,0.985470,0.160928,0.343000,1.323000,-0.196000
8,9,-0.017338,0.983150,0.161416,0.294000,1.323000,-0.196000
8,10,-0.016361,0.981685,0.161661,0.392000,1.372000,-0.245000
8,11,-0.015873,0.983516,0.160073,0.294000,1.323000,-0.196000
8,12,-0.016606,0.982784,0.161538,0.343000,1.323000,-0.147000
8,13,-0.015995,0.983272,0.162637,0.392000,1.372000,-0.147000
8,14,-0.016484,0.983761,0.161905,0.392000,1.323000,-0.245000
8,15,-0.014652,0.984127,0.162149,0.294000,1.421000,-0.147000
8,16,-0.014774,0.982173,0.160440,0.343000,1.274000,-0.147000
8,17,-0.017338,0.981074,0.159829,0.392000,1.274000,-0.245000
8,18,-0.016850,0.984860,0.162882,0.392000,1.274000,-0.147000
8,19,-0.015507,0.981685,0.160195,0.392000,1.323000,-0.147000
8,20,-0.014896,0.983394,0.161050,0.294000,1.421000,-0.147000
8,21,-0.017949,0.984737,0.161661,0.294000,1.323000,-0.098000
8,22,-0.017460,0.982784,0.162149,0.343000,1.323000,-0.196000
8,23,-0.018071,0.982906,0.162393,0.392000,1.372000,-0.196000
8,24,-0.016850,0.983028,0.162271,0.441000,1.274000,-0.147000
8,25,-0.015018,0.983394,0.162637,0.294000,1.372000,-0.147000
8,26,-0.016606,0.983394,0.161050,0.294000,1.274000,-0.196000
8,27,-0.015263,0.983883,0.161905,0.343000,1.323000,-0.147000
8,28,-0.017094,0.981929,0.161172,0.294000,1.323000,-0.147000
8,29,-0.016361,0.983516,0.161294,0.294000,1.323000,-0.196000
8,30,-0.014530,0.982906,0.162759,0.294000,1.323000,-0.294000
8,31,-0.015629,0.983883,0.161416,0.294000,1.421000,-0.196000
8,32,-0.017460,0.981685,0.160195,0.294000,1.323000,-0.196000
8,33,-0.017338,0.982662,0.161661,0.343000,1.225000,-0.196000
8,34,-0.017827,0.983516,0.162393,0.392000,1.274000,-0.196000
8,35,-0.015995,0.983272,0.161661,0.392000,1.372000,-0.196000
8,36,-0.017705,0.983516,0.163370,0.392000,1.274000,-0.147000
8,37,-0.017338,0.982906,0.161661,0.343000,1.372000,-0.196000
8,38,-0.016239,0.982540,0.162759,0.392000,1.225000,-0.196000
8,39,-0.015385,0.982784,0.163370,0.490000,1.274000,-0.098000
8,40,-0.015751,0.983883,0.159951,0.392000,1.323000,-0.098000
8,41,-0.015995,0.983272,0.161905,0.343000,1.372000,-0.049000
8,42,-0.016728,0.983516,0.162637,0.392000,1.372000,-0.147000
8,43,-0.017582,0.983394,0.161294,0.343000,1.421000,-0.147000
8,44,-0.016239,0.982784,0.163492,0.343000,1.274000,-0.245000
8,45,-0.016972,0.983761,0.161905,0.343000,1.421000,-0.147000
8,46,-0.016850,0.982906,0.160806,0.343000,1.372000,-0.098000
8,47,-0.016239,0.984615,0.162393,0.392000,1.372000,-0.245000
8,48,-0.015751,0.981563,0.159707,0.441000,1.323000,-0.196000
8,49,-0.015507,0.984249,0.161294,0.343000,1.421000,-0.098000
8,50,-0.016361,0.982784,0.159341,0.294000,1.372000,-0.098000
8,51,-0.013675,0.983516,0.161905,0.392000,1.323000,-0.147000
8,52,-0.015629,0.983150,0.161905,0.294000,1.323000,-0.245000
8,53,-0.014652,0.983883,0.162515,0.343000,1.323000,-0.098000
8,54,-0.014896,0.982906,0.160806,0.343000,1.323000,-0.147000
8,55,-0.017094,0.983150,0.161661,0.441000,1.421000,-0.098000
8,56,-0.015629,0.984860,0.163004,0.343000,1.372000,-0.098000
8,57,-0.016117,0.982051,0.161538,0.343000,1.274000,-0.343000
8,58,-0.016972,0.983761,0.160317,0.343000,1.323000,-0.147000
8,59,-0.015751,0.982540,0.162149,0.343000,1.323000,-0.147000
8,60,-0.017094,0.984005,0.161661,0.343000,1.372000,-0.147000
8,61,-0.017460,0.983394,0.161905,0.441000,1.372000,0.000000
8,62,-0.015629,0.983516,0.161294,0.392000,1.323000,-0.196000
8,63,-0.015629,0.984860,0.159951,0.392000,1.274000,-0.196000
8,64,-0.014408,0.983516,0.162515,0.392000,1.323000,-0.294000
8,65,-0.016728,0.985104,0.161661,0.294000,1.372000,-0.147000
8,66,-0.015751,0.982540,0.160073,0.392000,1.372000,-0.196000
8,67,-0.016606,0.984737,0.163004,0.245000,1.372000,-0.147000
8,68,-0.017705,0.982295,0.161661,0.392000,1.372000,-0.196000
8,69,-0.016361,0.982173,0.158852,0.245000,1.323000,-0.196000
8,70,-0.017216,0.982173,0.162149,0.343000,1.274000,-0.196000
8,71,-0.016728,0.983272,0.160073,0.392000,1.176000,-0.245000
8,72,-0.015995,0.984005,0.162637,0.392000,1.274000,-0.098000
8,73,-0.017094,0.984127,0.162027,0.392000,1.323000,-0.098000
8,74,-0.015751,0.983028,0.160928,0.392000,1.323000,-0.196000
8,75,-0.016239,0.981929,0.161172,0.294000,1.372000,-0.196000
8,76,-0.015629,0.984127,0.163004,0.343000,1.372000,-0.147000
8,77,-0.015140,0.982051,0.160073,0.245000,1.323000,-0.245000
8,78,-0.017094,0.982540,0.161538,0.392000,1.421000,-0.098000
8,79,-0.015873,0.983150,0.161538,0.392000,1.372000,-0.147000
8,80,-0.016728,0.985104,0.161172,0.441000,1.323000,-0.147000
8,81,-0.017705,0.981563,0.160806,0.343000,1.421000,-0.196000
8,82,-0.017582,0.981563,0.161172,0.343000,1.372000,-0.196000
8,83,-0.016117,0.982784,0.161294,0.343000,1.421000,-0.196000
8,84,-0.016117,0.982295,0.161050,0.343000,1.372000,-0.196000
8,85,-0.015873,0.985470,0.161294,0.294000,1.372000,-0.147000
8,86,-0.015629,0.983028,0.160317,0.392000,1.372000,-0.098000
8,87,-0.016850,0.982295,0.162027,0.441000,1.274000,-0.049000
8,88,-0.015873,0.983272,0.159341,0.343000,1.323000,-0.196000
8,89,-0.015629,0.984005,0.162393,0.392000,1.372000,-0.147000
8,90,-0.016728,0.982906,0.159585,0.294000,1.372000,-0.098000
8,91,-0.016484,0.983028,0.161294,0.343000,1.372000,-0.147000
8,92,-0.014042,0.983639,0.161294,0.343000,1.274000,-0.147000
8,93,-0.016606,0.982540,0.158608,0.392000,1.274000,-0.294000
8,94,-0.016239,0.983394,0.162149,0.343000,1.372000,-0.196000
8,95,-0.016117,0.984982,0.162027,0.343000,1.274000,-0.245000
8,96,-0.016972,0.984860,0.161172,0.392000,1.274000,-0.098000
8,97,-0.016117,0.984127,0.163370,0.343000,1.323000,-0.147000
8,98,-0.015995,0.982784,0.159951,0.294000,1.372000,-0.147000
8,99,-0.017338,0.984615,0.162759,0.343000,1.372000,-0.147000
